"conversation_id","created_at","favorite_count","full_text","hashtags/0","hashtags/1","hashtags/2","hashtags/3","hashtags/4","hashtags/5","hashtags/6","hashtags/7","hashtags/8","hashtags/9","hashtags/10","id","reply_count","retweet_count","url","urls/0/display_url","urls/0/expanded_url","urls/0/url","user/advertiser_account_type","user/blocked_by","user/blocking","user/business_profile_state","user/can_dm","user/contributors_enabled","user/created_at","user/default_profile_image","user/description","user/ext_has_nft_avatar","user/fast_followers_count","user/favourites_count","user/follow_request_sent","user/followed_by","user/followers_count","user/following","user/friends_count","user/geo_enabled","user/has_custom_timelines","user/id","user/id_str","user/is_translation_enabled","user/is_translator","user/lang","user/listed_count","user/location","user/media_count","user/muting","user/name","user/normal_followers_count","user/notifications","user/profile_background_color","user/profile_background_image_url","user/profile_background_image_url_https","user/profile_background_tile","user/profile_banner_extensions_sensitive_media_warning","user/profile_banner_url","user/profile_image_extensions_sensitive_media_warning","user/profile_image_url","user/profile_image_url_https","user/profile_sidebar_border_color","user/profile_sidebar_fill_color","user/profile_text_color","user/profile_use_background_image","user/protected","user/require_some_consent","user/screen_name","user/statuses_count","user/time_zone","user/translator_type","user/url","user/utc_offset","user/verified","user/want_retweets","user_mentions/0/id_str","user_mentions/0/name","user_mentions/0/screen_name"
"1508118790114058247","2022-03-27T16:28:33.000Z","2","#RussiaUkraineWar #RusyaUkrayna #RussiaUkraine Rus Silahlı Kuvvetlerinin Ukraynalı askeri güçlerinin esir alındığı ile ilgili video https://t.co/ZtIkJndsDJ","RussiaUkraineWar","RusyaUkrayna","RussiaUkraine",,,,,,,,,"1508118790114058247","2","4","https://twitter.com/Journalistcnyt/status/1508118790114058247",,,,"none",,,"none",,"false","2022-02-19T20:21:42.000Z","false","#Trtwolrd cameraman","false","0","0",,,"31",,"13","false","false","1495131422616699000","1495131422616698888","false","false",,"0","","728",,"Journalist_cuneyt","31",,"F5F8FA",,,"false",,,,"http://pbs.twimg.com/profile_images/1497617325897531396/C5E93b-A_normal.jpg","https://pbs.twimg.com/profile_images/1497617325897531396/C5E93b-A_normal.jpg","C0DEED","DDEEF6","333333","true","false","false","Journalistcnyt","783",,"none",,,"false",,,,
"1509553236167987202","2022-03-31T15:28:32.000Z","12","This is really wild! 😬😳😱
#UkraineRussianWar
#Ukraine #Russia #RussiaUkraine
https://t.co/Lt0zTuZIDa","UkraineRussianWar","Ukraine","Russia","RussiaUkraine",,,,,,,,"1509553236167987202","1","1","https://twitter.com/auron83591234/status/1509553236167987202",,,,"promotable_user",,,"none",,"false","2020-01-23T06:11:53.000Z","false","Documentary filmmaker/World events/Cool videos/#Nature/#Animal/🌎🌍🌏🐶🐱🌺🍀🕊","false","0","44252",,,"15642",,"15548","false","true","1220227577056387000","1220227577056387072","false","false",,"15","Around the world","1377",,"Auron","15642",,"F5F8FA",,,"false",,"https://pbs.twimg.com/profile_banners/1220227577056387072/1614255424",,"http://pbs.twimg.com/profile_images/1348163856871288832/UkzfQPRa_normal.jpg","https://pbs.twimg.com/profile_images/1348163856871288832/UkzfQPRa_normal.jpg","C0DEED","DDEEF6","333333","true","false","false","auron83591234","2756",,"none",,,"false",,,,
"1279203337338974208","2022-03-31T09:27:04.000Z","174","#RussiaUkraine 
Captured Ukr vehicles in the #Izum area https://t.co/bAWu1IQWKQ","RussiaUkraine","Izum",,,,,,,,,,"1509462271931871235","3","32","https://twitter.com/Cyberspec1/status/1509462271931871235",,,,"promotable_user",,,"none",,"false","2012-02-27T00:40:34.000Z","false","Mainly military related news and developments, focused on the Russian Army and everything else interesting

Be Warned: This is a Russophile Account","false","0","4885",,,"4227",,"110","false","true","505196984","505196984","false","false",,"96","Space Forces HQ","4725",,"Tony","4227",,"C0DEED","http://abs.twimg.com/images/themes/theme1/bg.png","https://abs.twimg.com/images/themes/theme1/bg.png","false",,"https://pbs.twimg.com/profile_banners/505196984/1648591270",,"http://pbs.twimg.com/profile_images/938682132498604033/gAhRFbzO_normal.jpg","https://pbs.twimg.com/profile_images/938682132498604033/gAhRFbzO_normal.jpg","C0DEED","DDEEF6","333333","true","false","false","Cyberspec1","10452",,"none",,,"false",,,,
"1279203337338974208","2022-03-31T00:47:40.000Z","88","#RussiaUkraine 
#DPR Militia firing AT missiles at a Ukr position...note the ""Right Sector"" Red &amp; Black flag that gets taken down at the end https://t.co/c4w8nzX1La","RussiaUkraine","DPR",,,,,,,,,,"1509331560004083712","3","22","https://twitter.com/Cyberspec1/status/1509331560004083712",,,,"promotable_user",,,"none",,"false","2012-02-27T00:40:34.000Z","false","Mainly military related news and developments, focused on the Russian Army and everything else interesting

Be Warned: This is a Russophile Account","false","0","4885",,,"4227",,"110","false","true","505196984","505196984","false","false",,"96","Space Forces HQ","4725",,"Tony","4227",,"C0DEED","http://abs.twimg.com/images/themes/theme1/bg.png","https://abs.twimg.com/images/themes/theme1/bg.png","false",,"https://pbs.twimg.com/profile_banners/505196984/1648591270",,"http://pbs.twimg.com/profile_images/938682132498604033/gAhRFbzO_normal.jpg","https://pbs.twimg.com/profile_images/938682132498604033/gAhRFbzO_normal.jpg","C0DEED","DDEEF6","333333","true","false","false","Cyberspec1","10452",,"none",,,"false",,,,
"1509279480157818889","2022-03-30T21:20:43.000Z","4","Apparently Germany has banned the letter ‘Z’. 

🥴🤷‍♂️🤣

#RussiaUkraine https://t.co/ANLWod72nt","RussiaUkraine",,,,,,,,,,,"1509279480157818889","0","0","https://twitter.com/LEFTPEGG/status/1509279480157818889",,,,"none",,,"none",,"false","2021-07-09T20:46:21.000Z","false","Political memes, cartoons and comment.","false","0","12108",,,"664",,"1423","false","true","1413600207430951000","1413600207430950918","false","false",,"1","","1478",,"LEFT PEG","664",,"F5F8FA",,,"false",,"https://pbs.twimg.com/profile_banners/1413600207430950918/1632572103",,"http://pbs.twimg.com/profile_images/1413800195712749568/kAjqkpSp_normal.jpg","https://pbs.twimg.com/profile_images/1413800195712749568/kAjqkpSp_normal.jpg","C0DEED","DDEEF6","333333","true","false","false","LEFTPEGG","7490",,"none",,,"false",,,,
"1509269035648794627","2022-03-30T20:39:13.000Z","29","We have suffered and are still suffering from the war in #Syria 
I personally grew up in the war
I am now 25 years old and the war started 11 years ago
I don't want this suffering for any people on earth
I wish peace to #Ukraine 
#Mariupol #RussiaUkraine 
 https://t.co/J0WZpTTjsP","Syria","Ukraine","Mariupol","RussiaUkraine",,,,,,,,"1509269035648794627","5","10","https://twitter.com/SChikhmousa/status/1509269035648794627",,,,"promotable_user",,,"none",,"false","2020-07-03T23:21:06.000Z","false","Damascus University graduate, journalist, I work in the civil field, interested in Syrian and Kurdish affairs in particular.","false","0","2761",,,"2453",,"2344","true","true","1279193394523394000","1279193394523394048","false","false",,"14","Syria","998",,"Shilan Chikh Mousa","2453",,"F5F8FA",,,"false",,"https://pbs.twimg.com/profile_banners/1279193394523394048/1611435240",,"http://pbs.twimg.com/profile_images/1398258018710601731/IZfZtX0Y_normal.jpg","https://pbs.twimg.com/profile_images/1398258018710601731/IZfZtX0Y_normal.jpg","C0DEED","DDEEF6","333333","true","false","false","SChikhmousa","2637",,"none",,,"false",,,,
"1509557661372915716","2022-03-31T15:46:07.000Z","104","Lavrov arrives in India as Russian leaders, businesses battle western sanctions over Ukraine crisis

Read  @ANI Story | https://t.co/MHBlvdmFbh
#UkraineRussianWar #UkraineCrisis #RussiaUkraine https://t.co/F4GK86WC8i","UkraineRussianWar","UkraineCrisis","RussiaUkraine",,,,,,,,,"1509557661372915716","1","18","https://twitter.com/ani_digital/status/1509557661372915716","aninews.in/news/world/eur…","https://www.aninews.in/news/world/europe/lavrov-arrives-in-india-as-russian-leaders-businesses-battle-western-sanctions-over-ukraine-crisis20220331210503/","https://t.co/MHBlvdmFbh","promotable_user",,,"none",,"false","2017-01-08T06:09:55.000Z","false","Asian News International.Multi-media news agency,content for information platforms:TV,Internet,broadband,newspapers,mobiles https://t.co/QrqluPvffc","false","0","0",,,"264692",,"0","false","true","817976607398731800","817976607398731776","false","false",,"406","India","54834",,"ANI Digital","264692",,"F5F8FA",,,"false",,,,"http://pbs.twimg.com/profile_images/817977303242133505/jSSyMKvf_normal.jpg","https://pbs.twimg.com/profile_images/817977303242133505/jSSyMKvf_normal.jpg","C0DEED","DDEEF6","333333","true","false","false","ani_digital","55565",,"none","https://t.co/339jwgW3kL",,"true",,"355989081","ANI","ANI"
"1509031837133602817","2022-03-30T04:56:41.000Z","3","Putin #Russia 

#RussiaInvadedUkraine #RussiaUkraine #RussianUkrainianWar #kgf2 https://t.co/9dkAi3pESN","Russia","RussiaInvadedUkraine","RussiaUkraine","RussianUkrainianWar","kgf2",,,,,,,"1509031837133602817","0","0","https://twitter.com/PramodShetty21/status/1509031837133602817",,,,"none",,,"none",,"false","2022-03-08T12:18:15.000Z","false","","false","0","4",,,"0",,"4","false","false","1501170357159760000","1501170357159759873","false","false",,"0","","7",,"Pramod.Shetty.Editz","0",,"F5F8FA",,,"false",,,,"http://pbs.twimg.com/profile_images/1501170553503498245/14imqFXz_normal.jpg","https://pbs.twimg.com/profile_images/1501170553503498245/14imqFXz_normal.jpg","C0DEED","DDEEF6","333333","true","false","false","PramodShetty21","7",,"none",,,"false",,,,
"1279203337338974208","2022-03-31T06:02:45.000Z","9","#RussiaUkraine #Mariupol 
Couple of videos from Mariupol 
Video-1 https://t.co/thiGlovzVK","RussiaUkraine","Mariupol",,,,,,,,,,"1509410852536868878","2","3","https://twitter.com/Cyberspec1/status/1509410852536868878",,,,"promotable_user",,,"none",,"false","2012-02-27T00:40:34.000Z","false","Mainly military related news and developments, focused on the Russian Army and everything else interesting

Be Warned: This is a Russophile Account","false","0","4885",,,"4227",,"110","false","true","505196984","505196984","false","false",,"96","Space Forces HQ","4725",,"Tony","4227",,"C0DEED","http://abs.twimg.com/images/themes/theme1/bg.png","https://abs.twimg.com/images/themes/theme1/bg.png","false",,"https://pbs.twimg.com/profile_banners/505196984/1648591270",,"http://pbs.twimg.com/profile_images/938682132498604033/gAhRFbzO_normal.jpg","https://pbs.twimg.com/profile_images/938682132498604033/gAhRFbzO_normal.jpg","C0DEED","DDEEF6","333333","true","false","false","Cyberspec1","10452",,"none",,,"false",,,,
"1509105698604711936","2022-03-30T09:50:11.000Z","1","रशियन सैन्याचे मोठे नुकसान झाले असल्याचा युक्रेनच्या सैन्याने दावा केला आहे
#RussiaUkraine #Ukraine #RussiaUkraineWar  
https://t.co/itfY0EjCiN","RussiaUkraine","Ukraine","RussiaUkraineWar",,,,,,,,,"1509105698604711936","0","0","https://twitter.com/abpmajhatv/status/1509105698604711936","marathi.abplive.com/news/world/rus…","https://marathi.abplive.com/news/world/russia-ukraine-war-17-thousand-russian-troops-were-killed-by-ukraine-army-1045892","https://t.co/itfY0EjCiN","promotable_user",,,"none",,"false","2009-06-29T17:22:58.000Z","false","मराठीतील नंबर 1 ट्विटर हँडल | लेटेस्ट अपडेट्ससाठी फॉलो करा | 
व्हिडीओ : https://t.co/E0Xox0Q7BE 
लाईव्ह स्ट्रिमिंग : https://t.co/Y4DxgNiTlB","false","0","499",,,"1214163",,"387","true","true","52121743","52121743","false","false",,"656","Mumbai, India","146776",,"ABP माझा","1214163",,"B30707","http://abs.twimg.com/images/themes/theme7/bg.gif","https://abs.twimg.com/images/themes/theme7/bg.gif","false",,"https://pbs.twimg.com/profile_banners/52121743/1648620404",,"http://pbs.twimg.com/profile_images/1339019961310703616/hTE9WKSp_normal.png","https://pbs.twimg.com/profile_images/1339019961310703616/hTE9WKSp_normal.png","FFFFFF","F3F3F3","333333","false","false","false","abpmajhatv","329440",,"none","https://t.co/AeRSPBVwfG",,"true",,,,
"1279203337338974208","2022-03-31T11:16:47.000Z","28","#RussiaUkraine 
Busted!
Al-Jazeera report from #Irpen near #Kiev, catches Ukrainian soldiers using an Ambulance for transport https://t.co/n6zmHOjFmO","RussiaUkraine","Irpen","Kiev",,,,,,,,,"1509489882758258697","1","20","https://twitter.com/Cyberspec1/status/1509489882758258697",,,,"promotable_user",,,"none",,"false","2012-02-27T00:40:34.000Z","false","Mainly military related news and developments, focused on the Russian Army and everything else interesting

Be Warned: This is a Russophile Account","false","0","4885",,,"4227",,"110","false","true","505196984","505196984","false","false",,"96","Space Forces HQ","4725",,"Tony","4227",,"C0DEED","http://abs.twimg.com/images/themes/theme1/bg.png","https://abs.twimg.com/images/themes/theme1/bg.png","false",,"https://pbs.twimg.com/profile_banners/505196984/1648591270",,"http://pbs.twimg.com/profile_images/938682132498604033/gAhRFbzO_normal.jpg","https://pbs.twimg.com/profile_images/938682132498604033/gAhRFbzO_normal.jpg","C0DEED","DDEEF6","333333","true","false","false","Cyberspec1","10452",,"none",,,"false",,,,
"1506885020870270976","2022-03-24T06:46:00.000Z","42","Beauty from #Palestine. ❤
#FreePalestine #Palestine #Palestinewillbefree 
#PalestineUnderAttack #UkraineRussiaWar 
#RussiaUkraineWar #RussiaUkraine https://t.co/F5hmgLzcqN","Palestine","FreePalestine","Palestine","Palestinewillbefree","PalestineUnderAttack","UkraineRussiaWar","RussiaUkraineWar","RussiaUkraine",,,,"1506885020870270976","4","7","https://twitter.com/xjfoii/status/1506885020870270976",,,,"none",,,"none",,"false","2020-02-20T11:18:55.000Z","false","He who increases his love for himself increases people’s hatred for him. ♥♥","false","0","157",,,"1104",,"2108","false","false","1230451730778902500","1230451730778902529","false","false",,"0","السعودية","109",,"Princess Jojo","1104",,"000000","http://abs.twimg.com/images/themes/theme1/bg.png","https://abs.twimg.com/images/themes/theme1/bg.png","false",,"https://pbs.twimg.com/profile_banners/1230451730778902529/1582197720",,"http://pbs.twimg.com/profile_images/1230452450559242241/YsRzQ7zz_normal.png","https://pbs.twimg.com/profile_images/1230452450559242241/YsRzQ7zz_normal.png","000000","000000","000000","false","false","false","xjfoii","160",,"none","https://t.co/YTueh9wEAG",,"false",,,,
"1279203337338974208","2022-03-31T10:09:25.000Z","25","#RussiaUkraine #Propaganda 
MSM reporting on ""Russian"" bombing of cities but shows scenes from Ukrainian bombing of #Donetsk in the #DPR....they're either sloppy or must think everyone is an idiot https://t.co/4bFZpj2gLj","RussiaUkraine","Propaganda","Donetsk","DPR",,,,,,,,"1509472929352134658","3","7","https://twitter.com/Cyberspec1/status/1509472929352134658",,,,"promotable_user",,,"none",,"false","2012-02-27T00:40:34.000Z","false","Mainly military related news and developments, focused on the Russian Army and everything else interesting

Be Warned: This is a Russophile Account","false","0","4885",,,"4227",,"110","false","true","505196984","505196984","false","false",,"96","Space Forces HQ","4725",,"Tony","4227",,"C0DEED","http://abs.twimg.com/images/themes/theme1/bg.png","https://abs.twimg.com/images/themes/theme1/bg.png","false",,"https://pbs.twimg.com/profile_banners/505196984/1648591270",,"http://pbs.twimg.com/profile_images/938682132498604033/gAhRFbzO_normal.jpg","https://pbs.twimg.com/profile_images/938682132498604033/gAhRFbzO_normal.jpg","C0DEED","DDEEF6","333333","true","false","false","Cyberspec1","10452",,"none",,,"false",,,,
"1508415853917839368","2022-03-28T12:08:59.000Z","399","While the world focuses it's attention on #RussiaUkraine war, there's a calculated #genocide going on in #SouthernKaduna by terrorist Fulani herdsman under the watch of a sitting Fulani governor &amp; president. The whole world should rise up &amp; condemn this villainy. Please watch. 🙏🏾 https://t.co/15bIKCYoXZ","RussiaUkraine","genocide","SouthernKaduna",,,,,,,,,"1508415853917839368","45","563","https://twitter.com/RealOlaudah/status/1508415853917839368",,,,"promotable_user",,,"none",,"false","2009-07-02T14:39:35.000Z","false","Liverpool FC|
History|
Politics|
Business|
Sciences|
Environment|

Warning: My tweets will not pass your politically correct test.

RealOlaudah@gmail.com","false","0","34100",,,"44435",,"456","false","true","53079920","53079920","false","false",,"146","Iguedo Omambala","6042",,"Olaudah Equiano®","44435",,"C0DEED","http://abs.twimg.com/images/themes/theme1/bg.png","https://abs.twimg.com/images/themes/theme1/bg.png","false",,"https://pbs.twimg.com/profile_banners/53079920/1437086353",,"http://pbs.twimg.com/profile_images/1359398109395181569/Qa4uCSwR_normal.jpg","https://pbs.twimg.com/profile_images/1359398109395181569/Qa4uCSwR_normal.jpg","C0DEED","DDEEF6","333333","true","false","false","RealOlaudah","186148",,"none",,,"false",,,,
"1279203337338974208","2022-03-31T06:29:06.000Z","21","#RussiaUkraine #AzovRegiment
The Times white-washing Azov https://t.co/tfLixPI6Zj","RussiaUkraine","AzovRegiment",,,,,,,,,,"1509417484268408842","1","4","https://twitter.com/Cyberspec1/status/1509417484268408842",,,,"promotable_user",,,"none",,"false","2012-02-27T00:40:34.000Z","false","Mainly military related news and developments, focused on the Russian Army and everything else interesting

Be Warned: This is a Russophile Account","false","0","4885",,,"4227",,"110","false","true","505196984","505196984","false","false",,"96","Space Forces HQ","4725",,"Tony","4227",,"C0DEED","http://abs.twimg.com/images/themes/theme1/bg.png","https://abs.twimg.com/images/themes/theme1/bg.png","false",,"https://pbs.twimg.com/profile_banners/505196984/1648591270",,"http://pbs.twimg.com/profile_images/938682132498604033/gAhRFbzO_normal.jpg","https://pbs.twimg.com/profile_images/938682132498604033/gAhRFbzO_normal.jpg","C0DEED","DDEEF6","333333","true","false","false","Cyberspec1","10452",,"none",,,"false",,,,
"1279203337338974208","2022-03-30T20:42:34.000Z","25","#RussiaUkraine #Biden 
The Republicans are asking if the #Pentagon has ""contingency"" plans to deal with president Biden's gaffes https://t.co/UVbbCIMxqu","RussiaUkraine","Biden","Pentagon",,,,,,,,,"1509269877961359361","3","6","https://twitter.com/Cyberspec1/status/1509269877961359361",,,,"promotable_user",,,"none",,"false","2012-02-27T00:40:34.000Z","false","Mainly military related news and developments, focused on the Russian Army and everything else interesting

Be Warned: This is a Russophile Account","false","0","4885",,,"4227",,"110","false","true","505196984","505196984","false","false",,"96","Space Forces HQ","4725",,"Tony","4227",,"C0DEED","http://abs.twimg.com/images/themes/theme1/bg.png","https://abs.twimg.com/images/themes/theme1/bg.png","false",,"https://pbs.twimg.com/profile_banners/505196984/1648591270",,"http://pbs.twimg.com/profile_images/938682132498604033/gAhRFbzO_normal.jpg","https://pbs.twimg.com/profile_images/938682132498604033/gAhRFbzO_normal.jpg","C0DEED","DDEEF6","333333","true","false","false","Cyberspec1","10452",,"none",,,"false",,,,
"1508056490132717574","2022-03-27T12:21:00.000Z","10","Before welcoming the Ukrainians, Isr*el has to stop its ethnic cleansing of #Palestinians.
#FreePalestine #Palestine #Palestinewillbefree 
#PalestineUnderAttack #UkraineRussiaWar 
#RussiaUkraineWar #RussiaUkraine https://t.co/AydH2vR5xN","Palestinians","FreePalestine","Palestine","Palestinewillbefree","PalestineUnderAttack","UkraineRussiaWar","RussiaUkraineWar","RussiaUkraine",,,,"1508056490132717574","1","6","https://twitter.com/xjfoii/status/1508056490132717574",,,,"none",,,"none",,"false","2020-02-20T11:18:55.000Z","false","He who increases his love for himself increases people’s hatred for him. ♥♥","false","0","157",,,"1104",,"2108","false","false","1230451730778902500","1230451730778902529","false","false",,"0","السعودية","109",,"Princess Jojo","1104",,"000000","http://abs.twimg.com/images/themes/theme1/bg.png","https://abs.twimg.com/images/themes/theme1/bg.png","false",,"https://pbs.twimg.com/profile_banners/1230451730778902529/1582197720",,"http://pbs.twimg.com/profile_images/1230452450559242241/YsRzQ7zz_normal.png","https://pbs.twimg.com/profile_images/1230452450559242241/YsRzQ7zz_normal.png","000000","000000","000000","false","false","false","xjfoii","160",,"none","https://t.co/YTueh9wEAG",,"false",,,,
"1509542694133010432","2022-03-31T14:46:38.000Z","3","Welcome aboard Flight Freedom with service to the United States. We protect your right to freedom of speech.""? #World #USA #RussiaUkraine https://t.co/GasRJm5xUU","World","USA","RussiaUkraine",,,,,,,,,"1509542694133010432","0","0","https://twitter.com/HongLong_Chen/status/1509542694133010432",,,,"none",,,"none",,"false","2020-02-24T20:04:04.000Z","false","人类是共同体，理性思考是一个人基本的原则，独立思考，千磨万击还坚劲，任尔东西南北风！为中国🇨🇳伟大复兴努力奋斗！为世界和平担当大国重要角色！中国不爱战，不恋战，更不怕战! 此号私人账号，所有观点均是个人人民观点. Facebook search for HongLong Chen","false","0","12954",,,"1163",,"2410","true","true","1232033425462190000","1232033425462190080","false","false",,"1","People's Republic of China","333",,"long chen 陈 龙🐲🇨🇳🐲","1163",,"F5F8FA",,,"false",,"https://pbs.twimg.com/profile_banners/1232033425462190080/1584127370",,"http://pbs.twimg.com/profile_images/1443582833662910471/Wwh-Bz-__normal.jpg","https://pbs.twimg.com/profile_images/1443582833662910471/Wwh-Bz-__normal.jpg","C0DEED","DDEEF6","333333","true","false","false","HongLong_Chen","3613",,"none",,,"false",,,,
"1509206680117997571","2022-03-30T16:31:26.000Z","1","#Ukraine #Украйна  #Ukraina #乌克兰 #RussiaUkraine #UkraineRussiaWar
#NFSCRescue #ROLFRescue
#StandWithUkraine️🇺🇦🇺🇦🇺🇦🙏🙏🙏 https://t.co/WLehTenqJb","Ukraine","Украйна","Ukraina","乌克兰","RussiaUkraine","UkraineRussiaWar","NFSCRescue","ROLFRescue","StandWithUkraine️",,,"1509206680117997571","0","1","https://twitter.com/kuangyeqi2020/status/1509206680117997571",,,,"none",,,"none",,"false","2020-10-30T11:45:19.000Z","false","","false","0","8971",,,"353",,"270","false","false","1322142463058825200","1322142463058825216","false","false",,"2","","36",,"东京樱花团🌸旷野小麒麟","353",,"F5F8FA",,,"false",,,,"http://pbs.twimg.com/profile_images/1322142767439519744/T_6Llot1_normal.jpg","https://pbs.twimg.com/profile_images/1322142767439519744/T_6Llot1_normal.jpg","C0DEED","DDEEF6","333333","true","false","false","kuangyeqi2020","3244",,"none",,,"false",,,,
"1279203337338974208","2022-03-31T06:52:03.000Z","103","#RussiaUkraine #AzovRegiment #US
in 2019, 40 House Democrats Signed Letter Asking The State Department To Designate Ukraine's Neo-Nazi Azov Battalion As A Terrorist Organization...the initiative was quietly swept under the carpet
https://t.co/91IKDAaZaH https://t.co/HMwqcJpRbk","RussiaUkraine","AzovRegiment","US",,,,,,,,,"1509423257681686528","3","64","https://twitter.com/Cyberspec1/status/1509423257681686528","twitter.com/Cyberspec1/sta…","https://twitter.com/Cyberspec1/status/1509417484268408842?s=20&t=S-4DkXJLriiNZfNgHFpv1g","https://t.co/91IKDAaZaH","promotable_user",,,"none",,"false","2012-02-27T00:40:34.000Z","false","Mainly military related news and developments, focused on the Russian Army and everything else interesting

Be Warned: This is a Russophile Account","false","0","4885",,,"4227",,"110","false","true","505196984","505196984","false","false",,"96","Space Forces HQ","4725",,"Tony","4227",,"C0DEED","http://abs.twimg.com/images/themes/theme1/bg.png","https://abs.twimg.com/images/themes/theme1/bg.png","false",,"https://pbs.twimg.com/profile_banners/505196984/1648591270",,"http://pbs.twimg.com/profile_images/938682132498604033/gAhRFbzO_normal.jpg","https://pbs.twimg.com/profile_images/938682132498604033/gAhRFbzO_normal.jpg","C0DEED","DDEEF6","333333","true","false","false","Cyberspec1","10452",,"none",,,"false",,,,
"1509207447067455488","2022-03-30T16:44:45.000Z","27","So the Generals reached out to US last year hoping to get into US good books again but things didn't change until the #RussiaUkraine war this year when USA failed to get anywhere with India and feared losing control in the region, remembered that overture from Pak Generals. https://t.co/OfF5uCfPvQ","RussiaUkraine",,,,,,,,,,,"1509210027810123778","1","10","https://twitter.com/fjriwlpq/status/1509210027810123778",,,,"promotable_user",,,"none",,"false","2019-12-11T18:08:43.000Z","false","I'm a student of Politics. 
Threads on Geopolitics, History, Imperialism etc.","false","0","49141",,,"309",,"665","false","true","1204825296039399400","1204825296039399424","false","false",,"4","Google","705",,"PoliticsJunkie","309",,"F5F8FA",,,"false",,,,"http://pbs.twimg.com/profile_images/1214220416073338880/kVqya4j1_normal.jpg","https://pbs.twimg.com/profile_images/1214220416073338880/kVqya4j1_normal.jpg","C0DEED","DDEEF6","333333","true","false","false","fjriwlpq","12937",,"none",,,"false",,,,
"1279203337338974208","2022-03-31T06:35:38.000Z","8","#RussiaUkraine 
Damaged Ukr T-64BV tank that was struck by a ATGM...it's a Ukr video and they say the crew survived https://t.co/EhfdQhdFiw","RussiaUkraine",,,,,,,,,,,"1509419129853267973","1","1","https://twitter.com/Cyberspec1/status/1509419129853267973",,,,"promotable_user",,,"none",,"false","2012-02-27T00:40:34.000Z","false","Mainly military related news and developments, focused on the Russian Army and everything else interesting

Be Warned: This is a Russophile Account","false","0","4885",,,"4227",,"110","false","true","505196984","505196984","false","false",,"96","Space Forces HQ","4725",,"Tony","4227",,"C0DEED","http://abs.twimg.com/images/themes/theme1/bg.png","https://abs.twimg.com/images/themes/theme1/bg.png","false",,"https://pbs.twimg.com/profile_banners/505196984/1648591270",,"http://pbs.twimg.com/profile_images/938682132498604033/gAhRFbzO_normal.jpg","https://pbs.twimg.com/profile_images/938682132498604033/gAhRFbzO_normal.jpg","C0DEED","DDEEF6","333333","true","false","false","Cyberspec1","10452",,"none",,,"false",,,,
"1279203337338974208","2022-03-31T00:40:23.000Z","33","#RussiaUkraine 
#Chechens having fun with Rpg's-- #Lugansk Region https://t.co/gyIW7VJXfN","RussiaUkraine","Chechens","Lugansk",,,,,,,,,"1509329725121916930","3","4","https://twitter.com/Cyberspec1/status/1509329725121916930",,,,"promotable_user",,,"none",,"false","2012-02-27T00:40:34.000Z","false","Mainly military related news and developments, focused on the Russian Army and everything else interesting

Be Warned: This is a Russophile Account","false","0","4885",,,"4227",,"110","false","true","505196984","505196984","false","false",,"96","Space Forces HQ","4725",,"Tony","4227",,"C0DEED","http://abs.twimg.com/images/themes/theme1/bg.png","https://abs.twimg.com/images/themes/theme1/bg.png","false",,"https://pbs.twimg.com/profile_banners/505196984/1648591270",,"http://pbs.twimg.com/profile_images/938682132498604033/gAhRFbzO_normal.jpg","https://pbs.twimg.com/profile_images/938682132498604033/gAhRFbzO_normal.jpg","C0DEED","DDEEF6","333333","true","false","false","Cyberspec1","10452",,"none",,,"false",,,,
"1279203337338974208","2022-03-30T04:25:03.000Z","17","#RussiaUkraine #HumanitarianAID 
Aid being distributed in #kherson https://t.co/XIxIeVyg7S","RussiaUkraine","HumanitarianAID","kherson",,,,,,,,,"1509023879615827970","2","9","https://twitter.com/Cyberspec1/status/1509023879615827970",,,,"promotable_user",,,"none",,"false","2012-02-27T00:40:34.000Z","false","Mainly military related news and developments, focused on the Russian Army and everything else interesting

Be Warned: This is a Russophile Account","false","0","4885",,,"4227",,"110","false","true","505196984","505196984","false","false",,"96","Space Forces HQ","4725",,"Tony","4227",,"C0DEED","http://abs.twimg.com/images/themes/theme1/bg.png","https://abs.twimg.com/images/themes/theme1/bg.png","false",,"https://pbs.twimg.com/profile_banners/505196984/1648591270",,"http://pbs.twimg.com/profile_images/938682132498604033/gAhRFbzO_normal.jpg","https://pbs.twimg.com/profile_images/938682132498604033/gAhRFbzO_normal.jpg","C0DEED","DDEEF6","333333","true","false","false","Cyberspec1","10452",,"none",,,"false",,,,
"1279203337338974208","2022-03-31T06:47:05.000Z","12","#RussiaUkraine #Russophobia #Poland 
I'll give him credit for being upfront about it https://t.co/OjUoJBHHOq","RussiaUkraine","Russophobia","Poland",,,,,,,,,"1509422010480295939","2","4","https://twitter.com/Cyberspec1/status/1509422010480295939",,,,"promotable_user",,,"none",,"false","2012-02-27T00:40:34.000Z","false","Mainly military related news and developments, focused on the Russian Army and everything else interesting

Be Warned: This is a Russophile Account","false","0","4885",,,"4227",,"110","false","true","505196984","505196984","false","false",,"96","Space Forces HQ","4725",,"Tony","4227",,"C0DEED","http://abs.twimg.com/images/themes/theme1/bg.png","https://abs.twimg.com/images/themes/theme1/bg.png","false",,"https://pbs.twimg.com/profile_banners/505196984/1648591270",,"http://pbs.twimg.com/profile_images/938682132498604033/gAhRFbzO_normal.jpg","https://pbs.twimg.com/profile_images/938682132498604033/gAhRFbzO_normal.jpg","C0DEED","DDEEF6","333333","true","false","false","Cyberspec1","10452",,"none",,,"false",,,,
"1279203337338974208","2022-03-30T22:15:42.000Z","14","#RussiaUkraine
Destroyed armored vehicles of the Armed Forces of Ukraine on the territory of the Military Institute of Tank Troops NTU ""KhPI"" in #Kharkov https://t.co/8nv29WaNqR","RussiaUkraine","Kharkov",,,,,,,,,,"1509293316566765568","1","3","https://twitter.com/Cyberspec1/status/1509293316566765568",,,,"promotable_user",,,"none",,"false","2012-02-27T00:40:34.000Z","false","Mainly military related news and developments, focused on the Russian Army and everything else interesting

Be Warned: This is a Russophile Account","false","0","4885",,,"4227",,"110","false","true","505196984","505196984","false","false",,"96","Space Forces HQ","4725",,"Tony","4227",,"C0DEED","http://abs.twimg.com/images/themes/theme1/bg.png","https://abs.twimg.com/images/themes/theme1/bg.png","false",,"https://pbs.twimg.com/profile_banners/505196984/1648591270",,"http://pbs.twimg.com/profile_images/938682132498604033/gAhRFbzO_normal.jpg","https://pbs.twimg.com/profile_images/938682132498604033/gAhRFbzO_normal.jpg","C0DEED","DDEEF6","333333","true","false","false","Cyberspec1","10452",,"none",,,"false",,,,
"1279203337338974208","2022-03-31T00:32:15.000Z","16","#RussiaUkraine 
A #DPR T-72 tank that survived a hit by a Ukr RK-3 ""Korsar"" AT missile https://t.co/XRI6VM59w7","RussiaUkraine","DPR",,,,,,,,,,"1509327680264544258","1","4","https://twitter.com/Cyberspec1/status/1509327680264544258",,,,"promotable_user",,,"none",,"false","2012-02-27T00:40:34.000Z","false","Mainly military related news and developments, focused on the Russian Army and everything else interesting

Be Warned: This is a Russophile Account","false","0","4885",,,"4227",,"110","false","true","505196984","505196984","false","false",,"96","Space Forces HQ","4725",,"Tony","4227",,"C0DEED","http://abs.twimg.com/images/themes/theme1/bg.png","https://abs.twimg.com/images/themes/theme1/bg.png","false",,"https://pbs.twimg.com/profile_banners/505196984/1648591270",,"http://pbs.twimg.com/profile_images/938682132498604033/gAhRFbzO_normal.jpg","https://pbs.twimg.com/profile_images/938682132498604033/gAhRFbzO_normal.jpg","C0DEED","DDEEF6","333333","true","false","false","Cyberspec1","10452",,"none",,,"false",,,,
"1506667635253170176","2022-03-23T16:22:11.000Z","22","Treatment  of Jews in #Lviv #ukraine (1942). Treatment  of #Roma in #Lviv under the #Zelensky regime (2022). #RussiaUkraine  #UkraineNazis https://t.co/NRHsE5IsSC","Lviv","ukraine","Roma","Lviv","Zelensky","RussiaUkraine","UkraineNazis",,,,,"1506667635253170176","1","23","https://twitter.com/Chap0311/status/1506667635253170176",,,,"none",,,"none",,"false","2019-08-19T06:08:48.000Z","false","Christian Conservative. #1stAmendment #2ndAmendment  Anti-Nazi, Anti-Ukraine, Anti-Fascist.  Jesus Christ is LORD and KING. #EndTimes","false","0","1040",,,"104",,"411","false","false","1163331495991357400","1163331495991357440","false","false",,"3","","46",,"Miska","104",,"F5F8FA",,,"false",,"https://pbs.twimg.com/profile_banners/1163331495991357440/1622357413",,"http://pbs.twimg.com/profile_images/1396313100853383168/QoRss0cn_normal.jpg","https://pbs.twimg.com/profile_images/1396313100853383168/QoRss0cn_normal.jpg","C0DEED","DDEEF6","333333","true","false","false","Chap0311","1041",,"none",,,"false",,,,
"1279203337338974208","2022-03-30T00:58:11.000Z","12","#RussiaUkraine 
Footage of Ukr Artillery position during Russian counter fire https://t.co/mM8gI21eUm","RussiaUkraine",,,,,,,,,,,"1508971817326637061","1","5","https://twitter.com/Cyberspec1/status/1508971817326637061",,,,"promotable_user",,,"none",,"false","2012-02-27T00:40:34.000Z","false","Mainly military related news and developments, focused on the Russian Army and everything else interesting

Be Warned: This is a Russophile Account","false","0","4885",,,"4227",,"110","false","true","505196984","505196984","false","false",,"96","Space Forces HQ","4725",,"Tony","4227",,"C0DEED","http://abs.twimg.com/images/themes/theme1/bg.png","https://abs.twimg.com/images/themes/theme1/bg.png","false",,"https://pbs.twimg.com/profile_banners/505196984/1648591270",,"http://pbs.twimg.com/profile_images/938682132498604033/gAhRFbzO_normal.jpg","https://pbs.twimg.com/profile_images/938682132498604033/gAhRFbzO_normal.jpg","C0DEED","DDEEF6","333333","true","false","false","Cyberspec1","10452",,"none",,,"false",,,,
"1279203337338974208","2022-03-31T06:03:46.000Z","10","#RussiaUkraine #Mariupol 
Couple of videos from Mariupol 
Video-2 https://t.co/ygIZXGwlNe","RussiaUkraine","Mariupol",,,,,,,,,,"1509411106913079296","1","5","https://twitter.com/Cyberspec1/status/1509411106913079296",,,,"promotable_user",,,"none",,"false","2012-02-27T00:40:34.000Z","false","Mainly military related news and developments, focused on the Russian Army and everything else interesting

Be Warned: This is a Russophile Account","false","0","4885",,,"4227",,"110","false","true","505196984","505196984","false","false",,"96","Space Forces HQ","4725",,"Tony","4227",,"C0DEED","http://abs.twimg.com/images/themes/theme1/bg.png","https://abs.twimg.com/images/themes/theme1/bg.png","false",,"https://pbs.twimg.com/profile_banners/505196984/1648591270",,"http://pbs.twimg.com/profile_images/938682132498604033/gAhRFbzO_normal.jpg","https://pbs.twimg.com/profile_images/938682132498604033/gAhRFbzO_normal.jpg","C0DEED","DDEEF6","333333","true","false","false","Cyberspec1","10452",,"none",,,"false",,,,
"1506768416052502529","2022-03-23T23:02:39.000Z","11","Good evening from the Eternal Capital of #Palestine ✌️🇵🇸
#FreePalestine #Palestine #Palestinewillbefree 
#PalestineUnderAttack #UkraineRussiaWar 
#RussiaUkraineWar #RussiaUkraine https://t.co/qUtXr7jPeJ","Palestine","FreePalestine","Palestine","Palestinewillbefree","PalestineUnderAttack","UkraineRussiaWar","RussiaUkraineWar","RussiaUkraine",,,,"1506768416052502529","1","5","https://twitter.com/xjfoii/status/1506768416052502529",,,,"none",,,"none",,"false","2020-02-20T11:18:55.000Z","false","He who increases his love for himself increases people’s hatred for him. ♥♥","false","0","157",,,"1104",,"2108","false","false","1230451730778902500","1230451730778902529","false","false",,"0","السعودية","109",,"Princess Jojo","1104",,"000000","http://abs.twimg.com/images/themes/theme1/bg.png","https://abs.twimg.com/images/themes/theme1/bg.png","false",,"https://pbs.twimg.com/profile_banners/1230451730778902529/1582197720",,"http://pbs.twimg.com/profile_images/1230452450559242241/YsRzQ7zz_normal.png","https://pbs.twimg.com/profile_images/1230452450559242241/YsRzQ7zz_normal.png","000000","000000","000000","false","false","false","xjfoii","160",,"none","https://t.co/YTueh9wEAG",,"false",,,,
"1279203337338974208","2022-03-29T22:32:51.000Z","12","#RussiaUkraine 
Map of situation in #Mariupol as of yesterday https://t.co/ANYmLlW7fx","RussiaUkraine","Mariupol",,,,,,,,,,"1508935242362814465","1","4","https://twitter.com/Cyberspec1/status/1508935242362814465",,,,"promotable_user",,,"none",,"false","2012-02-27T00:40:34.000Z","false","Mainly military related news and developments, focused on the Russian Army and everything else interesting

Be Warned: This is a Russophile Account","false","0","4885",,,"4227",,"110","false","true","505196984","505196984","false","false",,"96","Space Forces HQ","4725",,"Tony","4227",,"C0DEED","http://abs.twimg.com/images/themes/theme1/bg.png","https://abs.twimg.com/images/themes/theme1/bg.png","false",,"https://pbs.twimg.com/profile_banners/505196984/1648591270",,"http://pbs.twimg.com/profile_images/938682132498604033/gAhRFbzO_normal.jpg","https://pbs.twimg.com/profile_images/938682132498604033/gAhRFbzO_normal.jpg","C0DEED","DDEEF6","333333","true","false","false","Cyberspec1","10452",,"none",,,"false",,,,
"1509129918524841986","2022-03-30T11:26:25.000Z","13","Hi Will Smith, brother, did you hear what Putin said about your wife? 

#Kyiv #Russia #Ukraine #RussiaUkraine #UkraineRussiaWar #UkraineUnderAttack https://t.co/snpEGtLclK","Kyiv","Russia","Ukraine","RussiaUkraine","UkraineRussiaWar","UkraineUnderAttack",,,,,,"1509129918524841986","2","6","https://twitter.com/furkankoc___/status/1509129918524841986",,,,"promotable_user",,,"none",,"false","2016-12-21T21:34:13.000Z","false","Ladies and gentlemen, history is being made and we are witnessing now.

〰️Turn on 🔔 for updates🔴

I'm only on the side of my conscience,I speak with resources","false","0","2815",,,"610",,"199","true","true","811686236389838800","811686236389838853","false","false",,"3","Global","1426",,"Furkan KOC✒🇺🇦","610",,"F5F8FA",,,"false",,"https://pbs.twimg.com/profile_banners/811686236389838853/1646303073",,"http://pbs.twimg.com/profile_images/1508040460425646081/E80RF0Ke_normal.jpg","https://pbs.twimg.com/profile_images/1508040460425646081/E80RF0Ke_normal.jpg","C0DEED","DDEEF6","333333","true","false","false","furkankoc___","5018",,"none",,,"false",,,,
"1279203337338974208","2022-03-30T21:08:33.000Z","5","#RussiaUkraine 
Mobile group of Ukr soldiers firing a AT missile somewhere in Ukraine https://t.co/kC6SDp0GFH","RussiaUkraine",,,,,,,,,,,"1509276415874637828","2","1","https://twitter.com/Cyberspec1/status/1509276415874637828",,,,"promotable_user",,,"none",,"false","2012-02-27T00:40:34.000Z","false","Mainly military related news and developments, focused on the Russian Army and everything else interesting

Be Warned: This is a Russophile Account","false","0","4885",,,"4227",,"110","false","true","505196984","505196984","false","false",,"96","Space Forces HQ","4725",,"Tony","4227",,"C0DEED","http://abs.twimg.com/images/themes/theme1/bg.png","https://abs.twimg.com/images/themes/theme1/bg.png","false",,"https://pbs.twimg.com/profile_banners/505196984/1648591270",,"http://pbs.twimg.com/profile_images/938682132498604033/gAhRFbzO_normal.jpg","https://pbs.twimg.com/profile_images/938682132498604033/gAhRFbzO_normal.jpg","C0DEED","DDEEF6","333333","true","false","false","Cyberspec1","10452",,"none",,,"false",,,,
"1279203337338974208","2022-03-31T04:26:37.000Z","17","#RussiaUkraine 
Another #RuAF aircraft flying low in #Donetsk area https://t.co/UbDE1EYyJK","RussiaUkraine","RuAF","Donetsk",,,,,,,,,"1509386661670518791","1","3","https://twitter.com/Cyberspec1/status/1509386661670518791",,,,"promotable_user",,,"none",,"false","2012-02-27T00:40:34.000Z","false","Mainly military related news and developments, focused on the Russian Army and everything else interesting

Be Warned: This is a Russophile Account","false","0","4885",,,"4227",,"110","false","true","505196984","505196984","false","false",,"96","Space Forces HQ","4725",,"Tony","4227",,"C0DEED","http://abs.twimg.com/images/themes/theme1/bg.png","https://abs.twimg.com/images/themes/theme1/bg.png","false",,"https://pbs.twimg.com/profile_banners/505196984/1648591270",,"http://pbs.twimg.com/profile_images/938682132498604033/gAhRFbzO_normal.jpg","https://pbs.twimg.com/profile_images/938682132498604033/gAhRFbzO_normal.jpg","C0DEED","DDEEF6","333333","true","false","false","Cyberspec1","10452",,"none",,,"false",,,,
"1279203337338974208","2022-03-29T23:46:41.000Z","7","@MorpheusEberg #RussiaUkraine 
Missile strike on #Khmelnitsky....the fires can be seen from kilometers away https://t.co/xqxWCQiqxO","RussiaUkraine","Khmelnitsky",,,,,,,,,,"1508953826698530817","1","2","https://twitter.com/Cyberspec1/status/1508953826698530817",,,,"promotable_user",,,"none",,"false","2012-02-27T00:40:34.000Z","false","Mainly military related news and developments, focused on the Russian Army and everything else interesting

Be Warned: This is a Russophile Account","false","0","4885",,,"4227",,"110","false","true","505196984","505196984","false","false",,"96","Space Forces HQ","4725",,"Tony","4227",,"C0DEED","http://abs.twimg.com/images/themes/theme1/bg.png","https://abs.twimg.com/images/themes/theme1/bg.png","false",,"https://pbs.twimg.com/profile_banners/505196984/1648591270",,"http://pbs.twimg.com/profile_images/938682132498604033/gAhRFbzO_normal.jpg","https://pbs.twimg.com/profile_images/938682132498604033/gAhRFbzO_normal.jpg","C0DEED","DDEEF6","333333","true","false","false","Cyberspec1","10452",,"none",,,"false",,"809729669775835136","Morpheus","MorpheusEberg"
"1509127463498129411","2022-03-30T11:18:15.000Z","56","Saudi Arabia kills dozens of children every hour, they do not even allow food to reach the people and children, and it draws the attention of the world to Ukraine so that it can kill these children very easily.

#RussiaUkraine 
#Ukrainian 
#UkraineRussiaCrisis https://t.co/9FW8PcscRS","RussiaUkraine","Ukrainian","UkraineRussiaCrisis",,,,,,,,,"1509127863290761220","2","22","https://twitter.com/313yarmahdy/status/1509127863290761220",,,,"none",,,"none",,"false","2021-01-21T07:22:40.000Z","false","‏‏‏‏‏‏‏اللهم عجل لولیک الفرج 
دیدیم تو را دوباره بر می گردی 
از باغ پر از ستاره بر می گردی 
گفتند که چاره نیست بر درد فراق 
انگار !  برای چاره بر  می گردی/بک سر","false","0","1487",,,"20514",,"19629","false","false","1352154519052935200","1352154519052935169","false","false",,"4","","242",,"السلام علیک یا صاحب الزمان ( عج )","20514",,"F5F8FA",,,"false",,"https://pbs.twimg.com/profile_banners/1352154519052935169/1611226074",,"http://pbs.twimg.com/profile_images/1352155220420292609/bShKwS2i_normal.jpg","https://pbs.twimg.com/profile_images/1352155220420292609/bShKwS2i_normal.jpg","C0DEED","DDEEF6","333333","true","false","false","313yarmahdy","1512",,"none",,,"false",,,,
"1279203337338974208","2022-03-31T00:24:06.000Z","16","#RussiaUkraine
The moment of the explosion of the gas pipeline in #Kharkov https://t.co/vqRj9VmNNC","RussiaUkraine","Kharkov",,,,,,,,,,"1509325630432690179","2","0","https://twitter.com/Cyberspec1/status/1509325630432690179",,,,"promotable_user",,,"none",,"false","2012-02-27T00:40:34.000Z","false","Mainly military related news and developments, focused on the Russian Army and everything else interesting

Be Warned: This is a Russophile Account","false","0","4885",,,"4227",,"110","false","true","505196984","505196984","false","false",,"96","Space Forces HQ","4725",,"Tony","4227",,"C0DEED","http://abs.twimg.com/images/themes/theme1/bg.png","https://abs.twimg.com/images/themes/theme1/bg.png","false",,"https://pbs.twimg.com/profile_banners/505196984/1648591270",,"http://pbs.twimg.com/profile_images/938682132498604033/gAhRFbzO_normal.jpg","https://pbs.twimg.com/profile_images/938682132498604033/gAhRFbzO_normal.jpg","C0DEED","DDEEF6","333333","true","false","false","Cyberspec1","10452",,"none",,,"false",,,,
"1279203337338974208","2022-03-29T03:48:35.000Z","17","#RussiaUkraine 
Ukr Nationalist thugs attacking a priest of the Ukr Orthodox Church in #Cherkasy...I guess he isn't svidomy enough https://t.co/Px0KYS4cye","RussiaUkraine","Cherkasy",,,,,,,,,,"1508652314521128963","2","9","https://twitter.com/Cyberspec1/status/1508652314521128963",,,,"promotable_user",,,"none",,"false","2012-02-27T00:40:34.000Z","false","Mainly military related news and developments, focused on the Russian Army and everything else interesting

Be Warned: This is a Russophile Account","false","0","4885",,,"4227",,"110","false","true","505196984","505196984","false","false",,"96","Space Forces HQ","4725",,"Tony","4227",,"C0DEED","http://abs.twimg.com/images/themes/theme1/bg.png","https://abs.twimg.com/images/themes/theme1/bg.png","false",,"https://pbs.twimg.com/profile_banners/505196984/1648591270",,"http://pbs.twimg.com/profile_images/938682132498604033/gAhRFbzO_normal.jpg","https://pbs.twimg.com/profile_images/938682132498604033/gAhRFbzO_normal.jpg","C0DEED","DDEEF6","333333","true","false","false","Cyberspec1","10452",,"none",,,"false",,,,
"1279203337338974208","2022-03-30T03:52:01.000Z","8","#RussiaUkraine #Iskander 
PR video on the Iskander-K Tactical Missile System..this  version fires cruise missiles with a range of 500km used primaraly for high value targets such as command posts, air-def systems etc https://t.co/DAHa61RoGd","RussiaUkraine","Iskander",,,,,,,,,,"1509015564769185796","1","2","https://twitter.com/Cyberspec1/status/1509015564769185796",,,,"promotable_user",,,"none",,"false","2012-02-27T00:40:34.000Z","false","Mainly military related news and developments, focused on the Russian Army and everything else interesting

Be Warned: This is a Russophile Account","false","0","4885",,,"4227",,"110","false","true","505196984","505196984","false","false",,"96","Space Forces HQ","4725",,"Tony","4227",,"C0DEED","http://abs.twimg.com/images/themes/theme1/bg.png","https://abs.twimg.com/images/themes/theme1/bg.png","false",,"https://pbs.twimg.com/profile_banners/505196984/1648591270",,"http://pbs.twimg.com/profile_images/938682132498604033/gAhRFbzO_normal.jpg","https://pbs.twimg.com/profile_images/938682132498604033/gAhRFbzO_normal.jpg","C0DEED","DDEEF6","333333","true","false","false","Cyberspec1","10452",,"none",,,"false",,,,
"1509218929595785216","2022-03-30T17:20:07.000Z","4","How bad was the war in Ukraine? This video tells you the answer, the live picture is beyond your imagination
The distraction of #Kharkiv
#UkraineUnderAttack 
#RussiaUkraine 
#FreedomSquare, 
#UkraineRussiaCrisis
Heartbreaking. 🇺🇦 from #UkraineInvasion to #PalestinianLivesMatter https://t.co/CuNCJMjGz5","Kharkiv","UkraineUnderAttack","RussiaUkraine","FreedomSquare","UkraineRussiaCrisis","UkraineInvasion","PalestinianLivesMatter",,,,,"1509218929595785216","0","3","https://twitter.com/Sides862722145/status/1509218929595785216",,,,"none",,,"none",,"false","2021-06-16T12:51:20.000Z","false","Even if there is no one to teach you the ways to succeed.","false","0","20139",,,"528",,"2022","false","true","1405145838884585500","1405145838884585474","false","false",,"1"," Sri Lanka","1388",,"Sri Lanka 's 🇱🇰🌍⚽️📚","528",,"F5F8FA",,,"false",,"https://pbs.twimg.com/profile_banners/1405145838884585474/1628034974",,"http://pbs.twimg.com/profile_images/1430708713644388352/VUbBe3N2_normal.jpg","https://pbs.twimg.com/profile_images/1430708713644388352/VUbBe3N2_normal.jpg","C0DEED","DDEEF6","333333","true","false","false","Sides862722145","6812",,"none",,,"false",,,,
"1509557843678347264","2022-03-31T15:46:50.000Z","0","Lavrov arrives in India as Russian leaders, businesses battle western sanctions over Ukraine crisis

Read  @ANI Story | 
#UkraineRussianWar #UkraineCrisis #RussiaUkraine https://t.co/G3XQaIoPND","UkraineRussianWar","UkraineCrisis","RussiaUkraine",,,,,,,,,"1509557843678347264","0","0","https://twitter.com/OfficialAiNews/status/1509557843678347264",,,,"promotable_user",,,"none",,"false","2021-08-14T16:42:55.000Z","false","Official Account of All India News. Mainly focused on Defense, Strategic and External Affairs.","false","0","0",,,"106",,"5","false","false","1426585092621705200","1426585092621705217","false","false",,"0","New Delhi, India","11439",,"Ai News","106",,"F5F8FA",,,"false",,"https://pbs.twimg.com/profile_banners/1426585092621705217/1628959595",,"http://pbs.twimg.com/profile_images/1426585524756643840/Voczs10A_normal.jpg","https://pbs.twimg.com/profile_images/1426585524756643840/Voczs10A_normal.jpg","C0DEED","DDEEF6","333333","true","false","false","OfficialAiNews","11432",,"none","https://t.co/laeooi6WbC",,"false",,"355989081","ANI","ANI"
"1509570702978043915","2022-03-31T16:37:56.000Z","1","Too good to be treu? Yes it can! 😂😂😂, here we go again with the Kadyrovs....

#Ukraine #Chechnya #Kadyrovites #UkraineInvasion #Ukrainian #UkraineWar #Russia #RussiaUkraineWar #RussianUkrainianWar #RussiaUkraine #UkraineKrieg https://t.co/iesooCgMPq","Ukraine","Chechnya","Kadyrovites","UkraineInvasion","Ukrainian","UkraineWar","Russia","RussiaUkraineWar","RussianUkrainianWar","RussiaUkraine","UkraineKrieg","1509570702978043915","0","1","https://twitter.com/SanderRegter/status/1509570702978043915",,,,"promotable_user",,,"none",,"false","2011-08-30T11:56:02.000Z","false","Begeleider in Open Inrichting NL","false","0","3973",,,"1722",,"2061","true","false","364820393","364820393","false","false",,"100","","580",,"Sander","1722",,"C0DEED","http://abs.twimg.com/images/themes/theme1/bg.png","https://abs.twimg.com/images/themes/theme1/bg.png","true",,"https://pbs.twimg.com/profile_banners/364820393/1602513154",,"http://pbs.twimg.com/profile_images/1315661643410550789/zGBUMBQN_normal.jpg","https://pbs.twimg.com/profile_images/1315661643410550789/zGBUMBQN_normal.jpg","FFFFFF","DDEEF6","333333","true","false","false","SanderRegter","11016",,"none",,,"false",,,,
"1509192951460777997","2022-03-30T15:36:53.000Z","4","Residents of #Mariupol - those who managed to escape the clutches of the Neo-Nazis - tell the TRUTH about the way they were treated by the Ukrainian Armed Forces and about the atrocities of the infamous Neo-Nazi ""Azov"" Battalion, who shelled and punished civilians. #RussiaUkraine https://t.co/dGCKWgnmMG","Mariupol","RussiaUkraine",,,,,,,,,,"1509192951460777997","0","1","https://twitter.com/_Mercyknows/status/1509192951460777997",,,,"promotable_user",,,"none",,"false","2018-04-27T17:49:55.000Z","false","Founder of TCR🌸
Proudly Igbo  ❤❣♥️🌸
I am on a spiritual journey
Christainity Is Absolutely Beautiful 🌸
Isaiah 60 vs 22🌸
20-10-2020 Lekki Bled! #EndSARS🕯🕊","false","0","85099",,,"841",,"544","false","true","989924618654928900","989924618654928896","false","false",,"2","Nigeria","51",,"Peter Obi's Chef #WithOkwuteIStand2023","841",,"F5F8FA",,,"false",,"https://pbs.twimg.com/profile_banners/989924618654928896/1603219882",,"http://pbs.twimg.com/profile_images/1361025580985159680/uQdRmVN6_normal.jpg","https://pbs.twimg.com/profile_images/1361025580985159680/uQdRmVN6_normal.jpg","C0DEED","DDEEF6","333333","true","false","false","_Mercyknows","9152",,"none",,,"false",,,,
"1509531037553999872","2022-03-31T14:00:19.000Z","7","Soon Africa, Asia and Latin America will provide aid to the USA 🇺🇸 and the UK 🇬🇧. The blue-eyed civilised nations will be provided with rice and bread as the oil will be drying up #RussiaUkraine","RussiaUkraine",,,,,,,,,,,"1509531037553999872","1","2","https://twitter.com/jacquescupido12/status/1509531037553999872",,,,"promotable_user",,,"none",,"false","2014-10-10T13:35:06.000Z","false","There will be no peace, until there’s equal rights and justice","false","0","12457",,,"3790",,"2667","true","true","2850344184","2850344184","false","false",,"16","Calvinia, South Africa","1526",,"Jacques Cupido","3790",,"C0DEED","http://abs.twimg.com/images/themes/theme1/bg.png","https://abs.twimg.com/images/themes/theme1/bg.png","false",,"https://pbs.twimg.com/profile_banners/2850344184/1583756991",,"http://pbs.twimg.com/profile_images/1378657546534318080/e8z0cSVo_normal.jpg","https://pbs.twimg.com/profile_images/1378657546534318080/e8z0cSVo_normal.jpg","C0DEED","DDEEF6","333333","true","false","false","jacquescupido12","86362",,"none",,,"false",,,,
"1509555333504643083","2022-03-31T15:36:52.000Z","0","We need a new #brigde between #RussiaUkraine ☮️ @Bundeskanzler #plur Peace Love Unity Respect #Ukraine https://t.co/buuoEuUzwU","brigde","RussiaUkraine","plur","Ukraine",,,,,,,,"1509555333504643083","0","0","https://twitter.com/europe3330/status/1509555333504643083",,,,"promotable_user",,,"none",,"false","2016-10-03T09:07:42.000Z","false","#Europe first 🇪🇺 #Music Lover 🎧 #Ibiza forever 🇪🇸 I need more #bassline in #mylife 😎 #Meer geht immer 🐟","false","0","123340",,,"4353",,"4376","false","false","782869727144251400","782869727144251392","false","false",,"21","Nordrhein-Westfalen, Deutschla","2311",,"rgbibz🇪🇺","4353",,"F5F8FA",,,"false",,"https://pbs.twimg.com/profile_banners/782869727144251392/1640345072",,"http://pbs.twimg.com/profile_images/1314433401756286976/14CIBYST_normal.jpg","https://pbs.twimg.com/profile_images/1314433401756286976/14CIBYST_normal.jpg","C0DEED","DDEEF6","333333","true","false","false","europe3330","17283",,"none",,,"false",,"1489164711652466688","Bundeskanzler Olaf Scholz","Bundeskanzler"
"1508690849672175616","2022-03-29T06:21:43.000Z","1","I am very glad that the eyes of the world are beginning to open...#Russian #RussiaUkraine #AzovBattalion #NATO https://t.co/IuwU5AAiid","Russian","RussiaUkraine","AzovBattalion","NATO",,,,,,,,"1508690849672175616","2","1","https://twitter.com/AnastasiaKemSim/status/1508690849672175616",,,,"none",,,"none",,"false","2018-01-27T07:38:43.000Z","false","Россия самая сильная стран","false","0","1834",,,"41",,"53","false","true","957155897758896100","957155897758896128","false","false",,"0","Россия, Сибирь","161",,"Анастаcия Пe","41",,"F5F8FA",,,"false",,"https://pbs.twimg.com/profile_banners/957155897758896128/1648664850",,"http://pbs.twimg.com/profile_images/1509236302042042375/mXSCQrOM_normal.jpg","https://pbs.twimg.com/profile_images/1509236302042042375/mXSCQrOM_normal.jpg","C0DEED","DDEEF6","333333","true","false","false","AnastasiaKemSim","953",,"none",,,"false",,,,
"1507124908056211457","2022-03-24T22:39:13.000Z","58","War is a conflict of politicians, who should be the only ones doing any battles #auspol #Ukraine #RussiaUkraine #UkraineRussiaWar #UkraineCrisis #war #nato https://t.co/IkaQ7FJzgL","auspol","Ukraine","RussiaUkraine","UkraineRussiaWar","UkraineCrisis","war","nato",,,,,"1507124908056211457","4","20","https://twitter.com/logiesafterpar1/status/1507124908056211457",,,,"none",,,"none",,"false","2020-12-21T12:10:00.000Z","false","","false","0","121",,,"38",,"163","false","false","1340992872082858000","1340992872082857984","false","false",,"0","Australia","31",,"Matt","38",,"F5F8FA",,,"false",,"https://pbs.twimg.com/profile_banners/1340992872082857984/1648388807",,"http://pbs.twimg.com/profile_images/1508078029901246465/1g4mLLTI_normal.jpg","https://pbs.twimg.com/profile_images/1508078029901246465/1g4mLLTI_normal.jpg","C0DEED","DDEEF6","333333","true","false","false","logiesafterpar1","91",,"none",,,"false",,,,
"1509197652688183303","2022-03-30T15:55:34.000Z","1","Republicans, media - I'll take Biden's truth-telling over GOP groveling to Russia any day.

This is disgusting, depraved, dangerous.

#StandWithUkraine #RussiaUkraine","StandWithUkraine","RussiaUkraine",,,,,,,,,,"1509197652688183303","0","0","https://twitter.com/wesgeorgia951/status/1509197652688183303",,,,"promotable_user",,,"none",,"false","2017-07-25T17:08:00.000Z","false","Coffee drinker. Citizen. Policy wonk. Film fan.
Georgia liberal in PNW.  Ace.
#PeteButtigieg and #biden #harris fan. 
Fighting for #votingrights","false","0","78636",,,"2711",,"3505","false","true","889895016864161800","889895016864161794","false","false",,"7","Washington USA","3400",,"PublicSquare","2711",,"F5F8FA",,,"false",,"https://pbs.twimg.com/profile_banners/889895016864161794/1501003860",,"http://pbs.twimg.com/profile_images/1107018668230139904/IOOt03bF_normal.png","https://pbs.twimg.com/profile_images/1107018668230139904/IOOt03bF_normal.png","C0DEED","DDEEF6","333333","true","false","false","wesgeorgia951","27443",,"none","https://t.co/9DNCb36a4U",,"false",,,,
"1509571799100669953","2022-03-31T16:42:18.000Z","0","Workers of all countries unite!
#NoWar! #SpeakOutAgainstWW3! 
#UkraineRussia #RussiaUkraine https://t.co/AdcBHRF4mT","NoWar","SpeakOutAgainstWW3","UkraineRussia","RussiaUkraine",,,,,,,,"1509571799100669953","0","0","https://twitter.com/JudeJack/status/1509571799100669953",,,,"promotable_user",,,"none",,"false","2009-02-21T14:48:52.000Z","false","Socialist Equality Party supporter. Politics, Arts, Environment, cats & gardening. #FreeJulianAssange! #NOWAR! #NoToNationalism! #MaskUp! 😷","false","0","98544",,,"2247",,"5001","false","true","21489341","21489341","false","false",,"158","International","4184",,"Jude Jackson 💙 Solidarity with #NHS workers","2247",,"DEC9A6","http://abs.twimg.com/images/themes/theme5/bg.gif","https://abs.twimg.com/images/themes/theme5/bg.gif","true",,"https://pbs.twimg.com/profile_banners/21489341/1644775426",,"http://pbs.twimg.com/profile_images/1494390188658892809/H3kCV-P__normal.jpg","https://pbs.twimg.com/profile_images/1494390188658892809/H3kCV-P__normal.jpg","471D31","897A9C","07020D","true","false","false","JudeJack","120541",,"none","https://t.co/TTQVYQ3bRR",,"false",,,,
